strategy,metric,n_seeds,mean,sd,ci95,min,max
B1-FirstAvailable,avg_search_time_min,30,2.498,0.0263,0.0094,2.46,2.55
B1-FirstAvailable,avg_waiting_time_min,30,0.0,0.0,0.0,0.0,0.0
B1-FirstAvailable,avg_gate_queue_vehicles,30,0.0,0.0,0.0,0.0,0.0
B1-FirstAvailable,max_gate_queue_vehicles,30,0,0.0,0.0,0,0
B1-FirstAvailable,overflow_events_count,30,0,0.0,0.0,0,0
B2-NearestAvailable,avg_search_time_min,30,2.498,0.0263,0.0094,2.46,2.55
B2-NearestAvailable,avg_waiting_time_min,30,0.0,0.0,0.0,0.0,0.0
B2-NearestAvailable,avg_gate_queue_vehicles,30,0.0,0.0,0.0,0.0,0.0
B2-NearestAvailable,max_gate_queue_vehicles,30,0,0.0,0.0,0,0
B2-NearestAvailable,overflow_events_count,30,0,0.0,0.0,0,0
