vehicle_id,entry_gate,destination_id,search_time_seconds,waiting_time_seconds,travel_time_seconds,travel_distance_meters,assigned_lot_id,final_state
vitap-normal-day-v0,vitap-gate-placeholder,vitap-osm-1434890457,240,0,9660.0,550.0,vitap-lot-placeholder,completed
vitap-normal-day-v1,vitap-gate-placeholder,vitap-osm-1485935405,240,0,2040.0,550.0,vitap-lot-placeholder,completed
vitap-normal-day-v2,vitap-gate-placeholder,vitap-osm-1485935405,240,0,4860.0,550.0,vitap-lot-placeholder,completed
vitap-normal-day-v3,vitap-gate-placeholder,vitap-osm-1321555307,240,0,9840.0,550.0,vitap-lot-placeholder,completed
vitap-normal-day-v4,vitap-gate-placeholder,vitap-osm-1434460214,240,0,7260.0,550.0,vitap-lot-placeholder,completed
vitap-normal-day-v5,vitap-gate-placeholder,vitap-osm-750542242,240,0,3960.0,550.0,vitap-lot-placeholder,completed
vitap-normal-day-v6,vitap-gate-placeholder,vitap-osm-1255690439,240,0,,275.0,vitap-lot-placeholder,parked
vitap-normal-day-v7,vitap-gate-placeholder,vitap-osm-750542242,240,0,2100.0,550.0,vitap-lot-placeholder,completed
vitap-normal-day-v8,vitap-gate-placeholder,vitap-osm-1434460214,240,0,,275.0,vitap-lot-placeholder,parked
vitap-normal-day-v9,vitap-gate-placeholder,vitap-osm-750542242,240,0,6300.0,550.0,vitap-lot-placeholder,completed
vitap-normal-day-v10,vitap-gate-placeholder,vitap-osm-1255690439,240,0,3120.0,550.0,vitap-lot-placeholder,completed
vitap-normal-day-v11,vitap-gate-placeholder,vitap-osm-1434890457,240,0,5700.0,550.0,vitap-lot-placeholder,completed
vitap-normal-day-v12,vitap-gate-placeholder,vitap-osm-1485935405,240,0,,275.0,vitap-lot-placeholder,parked
vitap-normal-day-v13,vitap-gate-placeholder,vitap-osm-1485919486,240,0,7320.0,550.0,vitap-lot-placeholder,completed
vitap-normal-day-v14,vitap-gate-placeholder,vitap-osm-1434460210,240,0,4260.0,550.0,vitap-lot-placeholder,completed
vitap-normal-day-v15,vitap-gate-placeholder,vitap-osm-1434460208,240,0,7200.0,550.0,vitap-lot-placeholder,completed
vitap-normal-day-v16,vitap-gate-placeholder,vitap-osm-1434908865,240,0,5160.0,550.0,vitap-lot-placeholder,completed
vitap-normal-day-v17,vitap-gate-placeholder,vitap-osm-1485919486,240,0,,275.0,vitap-lot-placeholder,parked
vitap-normal-day-v18,vitap-gate-placeholder,vitap-osm-1434460208,240,0,,275.0,vitap-lot-placeholder,parked
vitap-normal-day-v19,vitap-gate-placeholder,vitap-osm-1434908865,240,0,,275.0,vitap-lot-placeholder,parked
vitap-normal-day-v20,vitap-gate-placeholder,vitap-osm-1434460208,240,0,6780.0,550.0,vitap-lot-placeholder,completed
vitap-normal-day-v21,vitap-gate-placeholder,vitap-osm-1485935404,240,0,5160.0,550.0,vitap-lot-placeholder,completed
vitap-normal-day-v22,vitap-gate-placeholder,vitap-osm-1434908865,240,0,,275.0,vitap-lot-placeholder,parked
vitap-normal-day-v23,vitap-gate-placeholder,vitap-osm-750542242,240,0,4680.0,550.0,vitap-lot-placeholder,completed
vitap-normal-day-v24,vitap-gate-placeholder,vitap-osm-1434460210,240,0,5400.0,550.0,vitap-lot-placeholder,completed
vitap-normal-day-v25,vitap-gate-placeholder,vitap-osm-1321555307,240,0,,550.0,vitap-lot-placeholder,departure
vitap-normal-day-v26,vitap-gate-placeholder,vitap-osm-1434460208,240,0,5220.0,550.0,vitap-lot-placeholder,completed
vitap-normal-day-v27,vitap-gate-placeholder,vitap-osm-750542242,240,0,4800.0,550.0,vitap-lot-placeholder,completed
vitap-normal-day-v28,vitap-gate-placeholder,vitap-osm-1255690439,240,0,,275.0,vitap-lot-placeholder,parked
vitap-normal-day-v29,vitap-gate-placeholder,vitap-osm-1485935405,240,0,,275.0,vitap-lot-placeholder,parked
vitap-normal-day-v30,vitap-gate-placeholder,vitap-osm-1434460214,240,0,7200.0,550.0,vitap-lot-placeholder,completed
vitap-normal-day-v31,vitap-gate-placeholder,vitap-osm-1255690439,240,0,2160.0,550.0,vitap-lot-placeholder,completed
vitap-normal-day-v32,vitap-gate-placeholder,vitap-osm-1434908865,240,0,2160.0,550.0,vitap-lot-placeholder,completed
vitap-normal-day-v33,vitap-gate-placeholder,vitap-osm-1485935405,240,0,6000.0,550.0,vitap-lot-placeholder,completed
vitap-normal-day-v34,vitap-gate-placeholder,vitap-osm-1434460208,240,0,,275.0,vitap-lot-placeholder,parked
vitap-normal-day-v35,vitap-gate-placeholder,vitap-osm-1485919486,240,0,5700.0,550.0,vitap-lot-placeholder,completed
vitap-normal-day-v36,vitap-gate-placeholder,vitap-osm-1434908865,240,0,4680.0,550.0,vitap-lot-placeholder,completed
vitap-normal-day-v37,vitap-gate-placeholder,vitap-osm-1434908865,240,0,,275.0,vitap-lot-placeholder,parked
vitap-normal-day-v38,vitap-gate-placeholder,vitap-osm-1485919486,240,0,,275.0,vitap-lot-placeholder,parked
vitap-normal-day-v39,vitap-gate-placeholder,vitap-osm-1255690439,240,0,,275.0,vitap-lot-placeholder,parked
vitap-normal-day-v40,vitap-gate-placeholder,vitap-osm-1321555307,240,0,,275.0,vitap-lot-placeholder,parked
vitap-normal-day-v41,vitap-gate-placeholder,vitap-osm-1485919486,240,0,,275.0,vitap-lot-placeholder,parked
vitap-normal-day-v42,vitap-gate-placeholder,vitap-osm-1321555307,240,0,2940.0,550.0,vitap-lot-placeholder,completed
vitap-normal-day-v43,vitap-gate-placeholder,vitap-osm-1485935405,240,0,5100.0,550.0,vitap-lot-placeholder,completed
vitap-normal-day-v44,vitap-gate-placeholder,vitap-osm-1321555307,240,0,3300.0,550.0,vitap-lot-placeholder,completed
vitap-normal-day-v45,vitap-gate-placeholder,vitap-osm-1485935405,240,0,5220.0,550.0,vitap-lot-placeholder,completed
vitap-normal-day-v46,vitap-gate-placeholder,vitap-osm-1485935404,240,0,,275.0,vitap-lot-placeholder,parked
vitap-normal-day-v47,vitap-gate-placeholder,vitap-osm-1434890457,240,0,4740.0,550.0,vitap-lot-placeholder,completed
vitap-normal-day-v48,vitap-gate-placeholder,vitap-osm-1321555307,240,0,,275.0,vitap-lot-placeholder,parked
vitap-normal-day-v49,vitap-gate-placeholder,vitap-osm-1485935405,240,0,4860.0,550.0,vitap-lot-placeholder,completed
vitap-normal-day-v50,vitap-gate-placeholder,vitap-osm-1434460208,240,0,,275.0,vitap-lot-placeholder,parked
vitap-normal-day-v51,vitap-gate-placeholder,vitap-osm-1434890457,240,0,,275.0,vitap-lot-placeholder,parked
vitap-normal-day-v52,vitap-gate-placeholder,vitap-osm-1485919486,240,0,,275.0,vitap-lot-placeholder,parked
vitap-normal-day-v53,vitap-gate-placeholder,vitap-osm-1321555307,240,0,1740.0,550.0,vitap-lot-placeholder,completed
vitap-normal-day-v54,vitap-gate-placeholder,vitap-osm-1485919486,240,0,,275.0,vitap-lot-placeholder,parked
vitap-normal-day-v55,vitap-gate-placeholder,vitap-osm-1485919486,240,0,,275.0,vitap-lot-placeholder,parked
vitap-normal-day-v56,vitap-gate-placeholder,vitap-osm-1321555307,240,0,3000.0,550.0,vitap-lot-placeholder,completed
vitap-normal-day-v57,vitap-gate-placeholder,vitap-osm-1321555307,240,0,,275.0,vitap-lot-placeholder,parked
vitap-normal-day-v58,vitap-gate-placeholder,vitap-osm-1434460214,240,0,,275.0,vitap-lot-placeholder,parked
vitap-normal-day-v59,vitap-gate-placeholder,vitap-osm-1434460208,240,0,,275.0,vitap-lot-placeholder,parked
